subreddit,post_id,title,body,author,num_comments,upvotes,created_utc,created_datetime,url,cleaned_body,text_for_cleaning,cleaned_text,sentiment,topic,predicted_topic,generated_at
technology,1opghaq,"Will there be an AI apocalypse? I’m Eric Levitz, a senior correspondent at Vox, covering a wide range of political and policy issues. AMA on Friday, November 7, at 12 pm EST.",,vox,82,44,1762379587.0,2025-11-05 21:53:07,https://www.reddit.com/r/technology/comments/1opghaq/will_there_be_an_ai_apocalypse_im_eric_levitz_a/,,"Will there be an AI apocalypse? I’m Eric Levitz, a senior correspondent at Vox, covering a wide range of political and policy issues. AMA on Friday, November 7, at 12 pm EST. ",ai apocalypse im eric levitz senior correspondent vox covering wide range political policy issues ama friday november pm est,neutral,Technology,Technology,2025-12-03 16:42:32
technology,1pbpgan,‘Security Disaster’—500 Million Microsoft Users Say No To Windows 11,,MarvelsGrantMan136,2407,16549,1764624569.0,2025-12-01 21:29:29,https://www.forbes.com/sites/zakdoffman/2025/12/01/security-disaster-500-million-microsoft-users-say-no-to-windows-11/,,‘Security Disaster’—500 Million Microsoft Users Say No To Windows 11 ,security disaster million microsoft users say windows,negative,Technology,Technology,2025-12-03 16:42:32
technology,1pby21m,A history professor says AI didn't break college — it exposed how broken it already was,,joe4942,114,2066,1764646645.0,2025-12-02 03:37:25,https://www.businessinsider.com/ai-didnt-break-college-it-exposed-broken-system-professor-2025-11,,A history professor says AI didn't break college — it exposed how broken it already was ,history professor says ai didnt break college exposed broken already,negative,Technology,Technology,2025-12-03 16:42:32
technology,1pbh835,"Rockstar co-founder compares AI to 'mad cow disease,' and says the execs pushing it aren't 'fully-rounded humans'",,kwentongskyblue,1265,37687,1764606361.0,2025-12-01 16:26:01,https://www.pcgamer.com/software/ai/rockstar-co-founder-compares-ai-to-mad-cow-disease-and-says-the-execs-pushing-it-arent-fully-rounded-humans/,,"Rockstar co-founder compares AI to 'mad cow disease,' and says the execs pushing it aren't 'fully-rounded humans' ",rockstar cofounder compares ai mad cow disease says execs pushing arent fullyrounded humans,negative,Technology,Technology,2025-12-03 16:42:32
technology,1pbs9gd,Instagram chief Adam Mosseri's memo ordering staff to the office five days a week in 2026,,play3xxx1,308,3493,1764631255.0,2025-12-01 23:20:55,https://www.businessinsider.com/instagram-chief-adam-mosseri-announces-five-day-office-return-2025-12?fbclid=IwZnRzaAObAfFleHRuA2FlbQIxMQBzcnRjBmFwcF9pZAo2NjI4NTY4Mzc5AAEewKuMREnokEwJIi_7iz0X8q2wq1rDusoVxeKWVlMq8JtljfAtS4SzpO0WnAE_aem_F3yvD4ZOhAf1LOSTZkTF-g&utm_campaign=mrf-business-marfeel-headline-graphic&mrfcid=20251201692dfe17446c846dd231ca22,,Instagram chief Adam Mosseri's memo ordering staff to the office five days a week in 2026 ,instagram chief adam mosseris memo ordering staff office five days week,neutral,Technology,Technology,2025-12-03 16:42:32
technology,1pbmdg7,Spotify stands by ICE recruitment ads despite artist backlash,,Merlin_the_Lizard,541,6133,1764617568.0,2025-12-01 19:32:48,https://www.avclub.com/spotify-stands-by-ice-recruitment-ads,,Spotify stands by ICE recruitment ads despite artist backlash ,spotify stands ice recruitment ads despite artist backlash,neutral,Technology,Technology,2025-12-03 16:42:32
technology,1pbe9e1,"Amazon data center linked to rare cancers and miscarriages in Oregon, report warns",,AdSpecialist6598,365,15075,1764599536.0,2025-12-01 14:32:16,https://www.techspot.com/news/110442-amazon-data-centers-linked-rare-cancers-miscarriages-oregon.html,,"Amazon data center linked to rare cancers and miscarriages in Oregon, report warns ",amazon data center linked rare cancers miscarriages oregon report warns,positive,Technology,Technology,2025-12-03 16:42:32
technology,1pbivzh,"Does Gen Z ""rawdogging boredom"" trend actually fix your attention span?",,Disastrous_Award_789,778,6919,1764610027.0,2025-12-01 17:27:07,https://www.newsweek.com/gen-z-rawdogging-boredom-trend-does-it-work-11087747,,"Does Gen Z ""rawdogging boredom"" trend actually fix your attention span? ",gen z rawdogging boredom trend actually fix attention span,negative,Technology,Technology,2025-12-03 16:42:32
technology,1pbqpl7,A nationwide internet age verification plan is sweeping Congress,,vriska1,517,1590,1764627464.0,2025-12-01 22:17:44,https://www.theverge.com/policy/830877/app-store-age-verification-act-pinterest-endorsement,,A nationwide internet age verification plan is sweeping Congress ,nationwide internet age verification plan sweeping congress,neutral,Technology,Technology,2025-12-03 16:42:32
technology,1pbad7c,Netflix kills casting from phones,,TripleShotPls,2506,15408,1764588407.0,2025-12-01 11:26:47,https://www.theverge.com/news/834655/netflix-phone-casting-chromecast-support-killed,,Netflix kills casting from phones ,netflix kills casting phones,negative,Technology,Technology,2025-12-03 16:42:32
technology,1pc37nj,"Sundar Pichai says Google will start building data centers in space, powered by the sun, in 2027",,rkhunter_,164,221,1764663916.0,2025-12-02 08:25:16,https://www.businessinsider.com/google-project-suncatcher-sundar-pichai-data-centers-space-solar-2027-2025-11,,"Sundar Pichai says Google will start building data centers in space, powered by the sun, in 2027 ",sundar pichai says google start building data centers space powered sun,neutral,Technology,Technology,2025-12-03 16:42:32
technology,1pbxjxc,Zillow drops climate risk scores after agents complained of lost sales,,Logical_Welder3467,33,555,1764645263.0,2025-12-02 03:14:23,https://techcrunch.com/2025/12/01/zillow-drops-climate-risk-scores-after-agents-complained-of-lost-sales/,,Zillow drops climate risk scores after agents complained of lost sales ,zillow drops climate risk scores agents complained lost sales,negative,Technology,Technology,2025-12-03 16:42:32
technology,1pbqwmk,"Apple's artificial intelligence chief is stepping down, company says",,Puginator,240,1324,1764627924.0,2025-12-01 22:25:24,https://www.cnbc.com/2025/12/01/apple-ai.html,,"Apple's artificial intelligence chief is stepping down, company says ",apples artificial intelligence chief stepping company says,positive,Technology,Technology,2025-12-03 16:42:32
technology,1pbw7jz,Guillermo del Toro Says ‘F— AI’ While Accepting ‘Frankenstein’ Gotham Award: Human Artistry ‘Shines on Every Single Frame of This Film’,,MarvelsGrantMan136,29,593,1764641537.0,2025-12-02 02:12:17,https://variety.com/2025/film/news/guillermo-del-toro-ai-frankenstein-gotham-award-1236596868/,,Guillermo del Toro Says ‘F— AI’ While Accepting ‘Frankenstein’ Gotham Award: Human Artistry ‘Shines on Every Single Frame of This Film’ ,guillermo del toro says f ai accepting frankenstein gotham award human artistry shines every single frame film,positive,Technology,Technology,2025-12-03 16:42:32
technology,1pbq11r,Microsoft is turning Windows 11's Notepad into a AI toy with “streaming” where you watch AI text type itself,,rkhunter_,224,628,1764625888.0,2025-12-01 21:51:28,https://www.windowslatest.com/2025/11/30/microsoft-is-turning-windows-11s-notepad-into-a-ai-toy-with-streaming-where-you-watch-ai-text-type-itself/,,Microsoft is turning Windows 11's Notepad into a AI toy with “streaming” where you watch AI text type itself ,microsoft turning windows notepad ai toy streaming watch ai text type,neutral,Technology,Technology,2025-12-03 16:42:32
technology,1pbq6vo,Pope Leo Tells Students 'Don't Ask AI to Do Your Homework' During Virtual Appearance at Youth Conference,,ubcstaffer123,60,618,1764626269.0,2025-12-01 21:57:49,https://people.com/pope-leo-tells-students-not-to-ask-ai-to-do-homework-11857450,,Pope Leo Tells Students 'Don't Ask AI to Do Your Homework' During Virtual Appearance at Youth Conference ,pope leo tells students dont ask ai homework virtual appearance youth conference,neutral,Technology,Technology,2025-12-03 16:42:32
technology,1pbzum4,"David Lerner, a Mr. Fix-it of Apple Computers, Dies at 72",,nosotros_road_sodium,4,140,1764651994.0,2025-12-02 05:06:34,https://www.nytimes.com/2025/11/26/technology/personaltech/david-lerner-dead.html?unlocked_article_code=1.4U8.50Zj.dGgZnGy5FypZ,,"David Lerner, a Mr. Fix-it of Apple Computers, Dies at 72 ",david lerner mr fixit apple computers dies,neutral,Technology,Technology,2025-12-03 16:42:32
technology,1pbxp10,"With Baldur's Gate 3 still in Steam's top 20 after 2 years, Larian CEO Swen Vincke ends 2025 with love for the best mods keeping the RPG thriving: ""Give yourselves a pat on the back, have a shot of whiskey, and go have a party."" | 350 million mod downloads, 10,000 mods uploaded",,ControlCAD,4,181,1764645652.0,2025-12-02 03:20:52,https://www.gamesradar.com/games/rpg/with-baldurs-gate-3-still-in-steams-top-20-after-2-years-larian-ends-2025-with-love-for-the-best-mods-keeping-the-rpg-thriving-give-yourselves-a-pat-on-the-back-have-a-shot-of-whiskey/,,"With Baldur's Gate 3 still in Steam's top 20 after 2 years, Larian CEO Swen Vincke ends 2025 with love for the best mods keeping the RPG thriving: ""Give yourselves a pat on the back, have a shot of whiskey, and go have a party."" | 350 million mod downloads, 10,000 mods uploaded ",baldurs gate still steams top years larian ceo swen vincke ends love best mods keeping rpg thriving give pat back shot whiskey go party million mod downloads mods uploaded,positive,Technology,Technology,2025-12-03 16:42:32
technology,1pbd516,What happens when you kick millions of teens off social media? Australia’s about to find out,,mepper,467,2035,1764596685.0,2025-12-01 13:44:45,https://www.cnn.com/2025/11/29/australia/australia-social-media-ban-intl-hnk-dst,,What happens when you kick millions of teens off social media? Australia’s about to find out ,happens kick millions teens social media australias find,neutral,Technology,Technology,2025-12-03 16:42:32
technology,1pbdoui,Who the Hell Is Actually Using Facebook Dating?,,Exciting_Teacher6258,487,1454,1764598104.0,2025-12-01 14:08:24,https://www.wired.com/story/who-the-hell-is-actually-using-facebook-dating/,,Who the Hell Is Actually Using Facebook Dating? ,hell actually using facebook dating,negative,Technology,Technology,2025-12-03 16:42:32
AskReddit,1pbtvof,"What is a ""poor person hack"" you picked up during a hard time that you still use today, even if you don't have to?",,AmaraMehdi,2515,5488,1764635342.0,2025-12-02 00:29:02,https://www.reddit.com/r/AskReddit/comments/1pbtvof/what_is_a_poor_person_hack_you_picked_up_during_a/,,"What is a ""poor person hack"" you picked up during a hard time that you still use today, even if you don't have to? ",poor person hack picked hard time still use today even dont,negative,General,General,2025-12-03 16:42:32
AskReddit,1pbxtfg,What is the biggest signal he/she wanted to have sex that you didnt get?,,Aliyaowo,490,946,1764645989.0,2025-12-02 03:26:29,https://www.reddit.com/r/AskReddit/comments/1pbxtfg/what_is_the_biggest_signal_heshe_wanted_to_have/,,What is the biggest signal he/she wanted to have sex that you didnt get? ,biggest signal heshe wanted sex didnt get,neutral,General,General,2025-12-03 16:42:32
AskReddit,1pc0p3v,What proffession is filled with people who think they're smarter than they actually are?,,Powerful-Frame-44,1156,408,1764654722.0,2025-12-02 05:52:02,https://www.reddit.com/r/AskReddit/comments/1pc0p3v/what_proffession_is_filled_with_people_who_think/,,What proffession is filled with people who think they're smarter than they actually are? ,proffession filled people think theyre smarter actually,positive,General,General,2025-12-03 16:42:32
AskReddit,1pbuuij,What's the strangest thing you've seen someone doing in the car next to you?,,TheManOfSpaceAndTime,1194,697,1764637859.0,2025-12-02 01:10:59,https://www.reddit.com/r/AskReddit/comments/1pbuuij/whats_the_strangest_thing_youve_seen_someone/,,What's the strangest thing you've seen someone doing in the car next to you? ,whats strangest thing youve seen someone car next,neutral,General,General,2025-12-03 16:42:32
AskReddit,1pc0e8e,What’s the scariest WW2 fact or story that you know of?,,Cool-Chipmunk-7559,409,264,1764653730.0,2025-12-02 05:35:30,https://www.reddit.com/r/AskReddit/comments/1pc0e8e/whats_the_scariest_ww2_fact_or_story_that_you/,,What’s the scariest WW2 fact or story that you know of? ,whats scariest ww fact story know,neutral,General,General,2025-12-03 16:42:32
AskReddit,1pbwt2n,What food was the biggest disappointment once you tried it?,,zhalia-2006,1662,395,1764643175.0,2025-12-02 02:39:35,https://www.reddit.com/r/AskReddit/comments/1pbwt2n/what_food_was_the_biggest_disappointment_once_you/,,What food was the biggest disappointment once you tried it? ,food biggest disappointment tried,negative,General,General,2025-12-03 16:42:32
AskReddit,1pbt5ti,What sentence of a song stays with you?,,JoeRenaldy,2032,647,1764633549.0,2025-12-01 23:59:09,https://www.reddit.com/r/AskReddit/comments/1pbt5ti/what_sentence_of_a_song_stays_with_you/,,What sentence of a song stays with you? ,sentence song stays,positive,General,General,2025-12-03 16:42:32
AskReddit,1pbfm9z,What’s a Reddit comment you’ve never forgotten?,,nightwellstories,2272,3090,1764602776.0,2025-12-01 15:26:16,https://www.reddit.com/r/AskReddit/comments/1pbfm9z/whats_a_reddit_comment_youve_never_forgotten/,,What’s a Reddit comment you’ve never forgotten? ,whats reddit comment youve never forgotten,positive,General,General,2025-12-03 16:42:32
AskReddit,1pbrazk,What's the most unhinged thing you've overheard in a drive-thru speaker that still lives rent-free in your head?,,North_Appointment410,683,731,1764628894.0,2025-12-01 22:41:34,https://www.reddit.com/r/AskReddit/comments/1pbrazk/whats_the_most_unhinged_thing_youve_overheard_in/,,What's the most unhinged thing you've overheard in a drive-thru speaker that still lives rent-free in your head? ,whats unhinged thing youve overheard drivethru speaker still lives rentfree head,neutral,General,General,2025-12-03 16:42:32
AskReddit,1pbfr7f,What is the biggest mystery we still aren't close to solving?,,Constant-Bridge3690,3547,2715,1764603073.0,2025-12-01 15:31:13,https://www.reddit.com/r/AskReddit/comments/1pbfr7f/what_is_the_biggest_mystery_we_still_arent_close/,,What is the biggest mystery we still aren't close to solving? ,biggest mystery still arent close solving,negative,General,General,2025-12-03 16:42:32
AskReddit,1pbxuwn,What's the most amount of money you've had at once?,,Ok-Screen1834,443,260,1764646107.0,2025-12-02 03:28:27,https://www.reddit.com/r/AskReddit/comments/1pbxuwn/whats_the_most_amount_of_money_youve_had_at_once/,,What's the most amount of money you've had at once? ,whats amount money youve,neutral,General,General,2025-12-03 16:42:32
AskReddit,1pbses3,What’s the most disturbing thing you’ve caught someone doing?,,saltycaramelia_,1020,478,1764631625.0,2025-12-01 23:27:05,https://www.reddit.com/r/AskReddit/comments/1pbses3/whats_the_most_disturbing_thing_youve_caught/,,What’s the most disturbing thing you’ve caught someone doing? ,whats disturbing thing youve caught someone,negative,General,General,2025-12-03 16:42:32
AskReddit,1pbm91n,How do you feel about your partner being loud during sex?,,CRK_76,377,895,1764617297.0,2025-12-01 19:28:17,https://www.reddit.com/r/AskReddit/comments/1pbm91n/how_do_you_feel_about_your_partner_being_loud/,,How do you feel about your partner being loud during sex? ,feel partner loud sex,neutral,General,General,2025-12-03 16:42:32
AskReddit,1pbtc0j,What's the stupidest thing you thought as a kid?,,Huge_Entertainment91,1367,366,1764633975.0,2025-12-02 00:06:15,https://www.reddit.com/r/AskReddit/comments/1pbtc0j/whats_the_stupidest_thing_you_thought_as_a_kid/,,What's the stupidest thing you thought as a kid? ,whats stupidest thing thought kid,negative,General,General,2025-12-03 16:42:32
AskReddit,1pbt2yh,What is a 'silent killer' of adult life that nobody warns you about?,,Responsible_Bet_7179,372,371,1764633342.0,2025-12-01 23:55:42,https://www.reddit.com/r/AskReddit/comments/1pbt2yh/what_is_a_silent_killer_of_adult_life_that_nobody/,,What is a 'silent killer' of adult life that nobody warns you about? ,silent killer adult life nobody warns,negative,General,General,2025-12-03 16:42:32
AskReddit,1pbujt4,What’s the best book you’ve read?,,doingzstuff,694,295,1764637082.0,2025-12-02 00:58:02,https://www.reddit.com/r/AskReddit/comments/1pbujt4/whats_the_best_book_youve_read/,,What’s the best book you’ve read? ,whats best book youve read,positive,General,General,2025-12-03 16:42:32
AskReddit,1pbuo1m,"At what point does the potential war in Venezuela become a real life version of ""Wag The Dog"" in order to distract from the Epstein files?",,mkthompson,92,235,1764637379.0,2025-12-02 01:02:59,https://www.reddit.com/r/AskReddit/comments/1pbuo1m/at_what_point_does_the_potential_war_in_venezuela/,,"At what point does the potential war in Venezuela become a real life version of ""Wag The Dog"" in order to distract from the Epstein files? ",point potential war venezuela become real life version wag dog order distract epstein files,negative,General,General,2025-12-03 16:42:32
AskReddit,1pbgz6v,Which celebrities do you think are lying about their age?,,ComeUnitedNotTorn,669,1053,1764605808.0,2025-12-01 16:16:48,https://www.reddit.com/r/AskReddit/comments/1pbgz6v/which_celebrities_do_you_think_are_lying_about/,,Which celebrities do you think are lying about their age? ,celebrities think lying age,negative,General,General,2025-12-03 16:42:32
AskReddit,1pbcvbr,Which job is much harder than most people think?,,ranjitsingh7,832,1723,1764595975.0,2025-12-01 13:32:55,https://www.reddit.com/r/AskReddit/comments/1pbcvbr/which_job_is_much_harder_than_most_people_think/,,Which job is much harder than most people think? ,job much harder people think,neutral,General,General,2025-12-03 16:42:32
AskReddit,1pbfluo,"If you followed your childhood dream job, what would you be right now?",,NovellaJokes,3201,1042,1764602749.0,2025-12-01 15:25:49,https://www.reddit.com/r/AskReddit/comments/1pbfluo/if_you_followed_your_childhood_dream_job_what/,,"If you followed your childhood dream job, what would you be right now? ",followed childhood dream job would right,positive,General,General,2025-12-03 16:42:32
